{
  "model_type": "logistic_regression",
  "multi_class": "multinomial",
  "n_features": 4,
  "n_classes": 3,
  "feature_names": [
    "age",
    "systolic_bp",
    "diastolic_bp",
    "heart_rate"
  ],
  "class_names": [
    "Low Risk",
    "Medium Risk",
    "High Risk"
  ],
  "weights": [
    [
      -1.1671338236799278,
      -1.0396689004704336,
      -1.087646887462587,
      -0.41459822736830243
    ],
    [
      0.029539170802653076,
      0.04540982489604407,
      0.1480867129602894,
      -0.040145543197230175
    ],
    [
      1.1375946528772756,
      0.9942590755743893,
      0.9395601745022977,
      0.4547437705655333
    ]
  ],
  "intercept": [
    -2.05875548487622,
    1.0327213013965981,
    1.026034183479628
  ],
  "scaler_mean": [
    65.42083333333333,
    144.06083333333333,
    90.38416666666667,
    85.48083333333334
  ],
  "scaler_scale": [
    14.702847773097867,
    31.90133956391522,
    17.43554556948407,
    26.041306277506298
  ],
  "accuracy": 0.68,
  "description": "Heart attack risk prediction model for GuardianHealth"
}